Name,Email,Phone,Job
Michael Hooper,melanie00@gmail.com,733.762.0245x9660,Midwife
Jennifer Shea,hudsonmelissa@hotmail.com,+1-703-252-6418,"Chemist, analytical"
Matthew Olson,hernandezdavid@hotmail.com,+1-482-496-2485x1661,"Teacher, early years/pre"
Alicia Juarez,allison40@yahoo.com,225-455-8753x483,Sales executive
Mark Santiago,nathaniel73@gmail.com,664.549.2386x040,Cabin crew
Anthony Jackson,matthewstrickland@yahoo.com,001-688-596-7859x8350,"Therapist, art"
Jeffrey Torres,michellebaker@yahoo.com,880.404.5323x8164,Occupational psychologist
Shannon Torres,kevin11@yahoo.com,7886961903,"Nurse, mental health"
James Perry,jcollins@yahoo.com,857-592-5876x612,Passenger transport manager
Sabrina Wilson,johnsoncynthia@gmail.com,+1-955-384-8586x154,Dealer
Mikayla Wong,alexishorton@gmail.com,001-454-930-3222x64869,Public relations officer
Kimberly Jones,steven94@yahoo.com,001-922-935-2590x331,"Restaurant manager, fast food"
Matthew Jimenez,michael79@hotmail.com,289-595-3584x34817,Personnel officer
Nancy Fuller,brooksshaun@gmail.com,858.370.1393,Pensions consultant
Steven Henderson,smithamber@gmail.com,(346)913-5918,Chief Financial Officer
Dillon Gibson,ashleykevin@gmail.com,(830)926-1872x26152,Adult nurse
Alexander Crawford,marksdaniel@hotmail.com,320-217-0471x05575,Chief Technology Officer
David Contreras,wwolfe@yahoo.com,400.510.8435x933,Oceanographer
Adam Holland,emily78@gmail.com,761.912.0060,Manufacturing engineer
Seth Roberts,jefferyblack@gmail.com,001-689-752-2222x84824,Management consultant
Anthony Barrett,martinmoore@yahoo.com,(596)257-2492x2485,Broadcast engineer
Tammy Bailey,nicolemoreno@yahoo.com,(951)213-5087x74887,Prison officer
Terry Sellers,lisa17@gmail.com,489.543.9849x1955,"Psychologist, sport and exercise"
Jason Morris,sheltonaaron@yahoo.com,(500)446-3417x51543,Printmaker
April Espinoza,edward61@hotmail.com,+1-953-272-3388x631,Energy engineer
Justin Rogers,hmccoy@hotmail.com,883-785-9479,Diplomatic Services operational officer
Kimberly Ray,clarktyler@yahoo.com,+1-419-541-1095x528,"Scientist, forensic"
Jonathan Williams,andersonanthony@yahoo.com,+1-252-703-0212,Horticultural consultant
Dr. Robin Baird MD,crodgers@yahoo.com,380.268.4887x940,Armed forces technical officer
Eric Mcdonald,john83@gmail.com,824-277-8507x4100,"Designer, jewellery"
Lisa Clark,carsonkayla@hotmail.com,+1-554-822-6544x408,"Engineer, maintenance (IT)"
Richard Harrell,whampton@yahoo.com,001-399-829-1657x62383,"Clinical scientist, histocompatibility and immunogenetics"
Steven Lawrence,dlong@hotmail.com,(741)887-2740,"Scientist, physiological"
Christine Jones,davidsonrandy@hotmail.com,+1-535-758-4536x4081,Counselling psychologist
Sharon Lane,kelli00@gmail.com,(682)702-5164x554,Recruitment consultant
Robert Navarro,pcrawford@hotmail.com,(694)418-3141x0647,Structural engineer
Kimberly Kelly,ohansen@hotmail.com,452.700.7434,"Journalist, newspaper"
Holly Mcgee,matthew94@hotmail.com,+1-326-720-0600x313,Cabin crew
Peter Williams,robinsonmargaret@hotmail.com,862.373.2142,Economist
Sandra Ramos,jeffreythomas@hotmail.com,001-252-876-7231x43000,Sports therapist
Stephanie Lewis,dbrock@yahoo.com,001-760-400-2634x4167,Chief Executive Officer
Joyce Martin,qmoore@hotmail.com,+1-963-476-4070x86307,Furniture designer
Madeline Robertson,connor70@hotmail.com,(982)355-3929x808,"Teacher, adult education"
Theresa Kent,llawrence@yahoo.com,+1-212-866-5352,"Engineer, agricultural"
Christina Patterson,shelley05@yahoo.com,261-977-1785,Police officer
Kathleen Jarvis,eric14@hotmail.com,001-498-422-8485x075,Marketing executive
Belinda Carter,nathanguerra@yahoo.com,(685)244-5258,Multimedia specialist
Adam Johnson,lschmidt@gmail.com,(517)565-6006,"Engineer, control and instrumentation"
John Bell,elizabeth49@gmail.com,6297224781,Advertising copywriter
Eric Hall,xmartin@hotmail.com,001-786-691-4742x2425,Forensic scientist
Kristen Doyle,yhernandez@yahoo.com,+1-339-951-3907x35286,Licensed conveyancer
Amanda Roberts,emendoza@hotmail.com,001-725-696-0967x217,Translator
Eric Osborne,mlewis@gmail.com,(528)541-9106,Secondary school teacher
Jodi Castillo,robert66@gmail.com,001-875-268-9167,"Accountant, chartered public finance"
Michelle Jones MD,erica58@gmail.com,334-756-7967,Chemical engineer
Kathryn Anderson,greenetara@yahoo.com,614-441-5812x205,Dealer
Christine Garcia,cindybrown@yahoo.com,748-470-6793,Research scientist (maths)
John Clarke,thouston@hotmail.com,331-859-1086,Industrial buyer
Renee Sparks,jesse36@gmail.com,641.521.8774x36504,Chief Marketing Officer
Michelle Parker,qevans@hotmail.com,(235)835-0234x717,Make
Lisa Thompson,jbrown@gmail.com,001-616-696-9972x536,Audiological scientist
Jessica Cantu,savannahcampbell@gmail.com,+1-200-507-9236,"Teacher, special educational needs"
Victoria Harris,linda00@hotmail.com,001-589-958-0876x4695,Trading standards officer
Marie Reed,laurentaylor@gmail.com,316.456.7190,Logistics and distribution manager
Mr. Anthony Mccormick,fredryan@yahoo.com,(843)740-0804x15981,Police officer
George Simpson,baileyharrison@hotmail.com,+1-861-546-1650x105,"Librarian, academic"
Tamara Holland,fletchernancy@hotmail.com,001-298-968-0032x67360,"Education officer, museum"
Andrew Robinson,dale22@gmail.com,441.602.9991x11084,"Education officer, museum"
Scott Smith,wayne35@gmail.com,829-915-8812x2177,"Research officer, trade union"
Kristy Terry,carrie17@gmail.com,(975)303-5143,Magazine journalist
Kelly Kelly,andrerowland@gmail.com,525.935.2098x496,Marine scientist
Becky Lopez,richard95@yahoo.com,912.210.8384,"Psychologist, clinical"
Henry Torres,benjamin89@gmail.com,+1-453-678-0278,Counsellor
Anna Butler,ronald06@hotmail.com,(735)723-8862,Broadcast presenter
Justin Holmes,dcampbell@gmail.com,(966)724-6633,Records manager
Anne Osborne,whitneyjennifer@gmail.com,296-507-1662x98245,"Surveyor, commercial/residential"
Rebecca Anderson,patrick32@hotmail.com,(760)370-8998x9513,Clinical psychologist
Nathaniel Butler,meganrodriguez@hotmail.com,760.776.0759,"Physicist, medical"
Nicole Keller,jacobmiller@hotmail.com,+1-482-574-9978x2880,IT sales professional
Michael Davis,davidmorris@hotmail.com,973-713-8629x8768,Associate Professor
Rebecca Smith,greeneevan@hotmail.com,393.931.5853x12535,Call centre manager
Duane Stanton,cameron92@gmail.com,+1-901-597-5958x9003,Theatre director
Thomas Rios,vanessa37@hotmail.com,001-242-701-1399x5566,"Programmer, systems"
Daniel Friedman,lance43@gmail.com,+1-619-852-6012x8146,General practice doctor
Kelly Miller,bstewart@hotmail.com,698.996.5017x94162,"Secretary, company"
Susan Smith,kathryn54@gmail.com,(660)834-7522,Financial manager
Linda Wright,andrewbowen@hotmail.com,744-314-5762x3313,Customer service manager
Nicole Bridges,bcastro@yahoo.com,001-322-252-0123x729,Tax adviser
Charles Chapman,sjensen@hotmail.com,9374816559,"Editor, commissioning"
Tonya Brooks,stephanie36@gmail.com,804-506-6769x062,Equities trader
Heidi Murphy,thomashardy@yahoo.com,001-345-636-5353x2507,Make
Mercedes Walker,zthomas@yahoo.com,916.479.9651x30941,"Geologist, engineering"
Eric Butler,osanders@gmail.com,414-689-0578x6423,Higher education careers adviser
Erica Daniels,emilyhart@yahoo.com,001-903-423-2351x6938,International aid/development worker
Harold Wright,ashleyduncan@gmail.com,+1-837-260-3278,Sports development officer
Kelly Stewart,emartinez@yahoo.com,(352)803-0143x8381,Actor
Rebecca Brown,hnewman@hotmail.com,6476611680,Water engineer
Carla Barrett,alexbrown@hotmail.com,001-343-997-8574,Trade mark attorney
James Zuniga,dwilliams@yahoo.com,(359)836-7370,Horticultural consultant
Amy Villegas,raymond58@yahoo.com,001-357-328-6758x93409,Clinical biochemist
Jennifer Weeks,morgan69@hotmail.com,383-299-9311x515,Cartographer
Regina Bernard,xjohnson@hotmail.com,+1-829-330-5123x43600,Landscape architect
Derrick Torres,rebecca19@hotmail.com,7804764589,Further education lecturer
Matthew Bell,rowen@yahoo.com,(556)688-1553x04439,Trade union research officer
Jaime Perez,lisajones@yahoo.com,(711)290-2275x278,"Engineer, agricultural"
Jeanette Jenkins,diane66@hotmail.com,+1-777-579-3168x8995,Midwife
Morgan Barajas,nancy53@yahoo.com,578.756.7243x19260,Travel agency manager
Taylor Jones,wendy51@gmail.com,+1-852-349-1961x569,"Lighting technician, broadcasting/film/video"
Ms. Brandy Hunter,reyestimothy@yahoo.com,401.805.5569x1991,Politician's assistant
Kristina Hunt,villanuevacynthia@gmail.com,+1-775-389-7302,"Surveyor, commercial/residential"
John Patton,jacqueline11@hotmail.com,321-824-1290x7521,Forest/woodland manager
Brenda Sanchez,jacksonashley@gmail.com,995-757-2579,"Surveyor, building control"
Mary Wright,ejames@hotmail.com,343-388-0663,Marketing executive
Timothy Bell,leah36@hotmail.com,(565)412-1891,Adult guidance worker
Nancy Hernandez,jose26@yahoo.com,637-779-2358x78608,Theatre manager
Barbara Williams,rodriguezrodney@gmail.com,6356214549,Chief Operating Officer
Daniel Turner,zjones@yahoo.com,+1-407-576-2440x369,Chief Financial Officer
Keith Lowe,hrowe@gmail.com,(447)766-0206x0431,Chief Marketing Officer
John Gray,donaldcarey@gmail.com,(861)632-7129x021,Osteopath
Dr. Terry Nixon,michelle74@gmail.com,683-876-9749,Police officer
Timothy Galvan,cohengeorge@gmail.com,479.582.1487,"Surveyor, hydrographic"
Sarah Johnson,ralphjackson@yahoo.com,(670)673-9307,Tax inspector
Michelle Martin DDS,rcordova@hotmail.com,919.658.2282x29431,Clinical embryologist
Nicholas Guerrero,stacy28@hotmail.com,+1-743-842-8075x164,Contracting civil engineer
Thomas Jimenez,vasquezeduardo@gmail.com,819-983-7218,"Engineer, electronics"
William Johnson,odelgado@gmail.com,001-202-738-0494x26929,Science writer
Stephen Sanchez,mboyle@hotmail.com,+1-763-340-5856x2452,Conference centre manager
Lauren Rogers,cjackson@hotmail.com,301.218.0514x20483,Osteopath
Katelyn Mccoy,james01@yahoo.com,269.696.0538x64183,"Nurse, children's"
Jason Day,karenmacias@hotmail.com,231-414-5305x8889,Hotel manager
Joseph Hart,ricardo04@yahoo.com,491.953.2467x004,Training and development officer
Brian Rios,jenkinslisa@gmail.com,(803)988-0073,Accommodation manager
Ryan Jones,vickiepierce@gmail.com,532.278.9948x91600,"Therapist, music"
Kayla Neal,sandrasimmons@hotmail.com,001-235-598-4732x57215,"Therapist, occupational"
Mr. Jason Anderson,rsutton@yahoo.com,579.433.1011,"Engineer, mining"
Kristen Payne,tgarcia@yahoo.com,+1-241-554-5613x3196,Sales executive
Allen Malone,dkelly@hotmail.com,679.858.4489x879,"Exhibitions officer, museum/gallery"
Judith Chapman,xbrown@hotmail.com,(597)325-1110,"Designer, graphic"
Doris Gonzalez,wgarcia@gmail.com,001-608-622-9727x3961,"Development worker, community"
Daniel Johnson,ymurphy@hotmail.com,456-966-1987x84825,Translator
Denise Rodriguez,adamlopez@yahoo.com,331.636.9999x50164,Radio broadcast assistant
Vincent Robbins,ydennis@yahoo.com,(941)742-7811x44676,English as a second language teacher
Kurt Jones,donaldbauer@hotmail.com,(953)437-3744,"Lighting technician, broadcasting/film/video"
Cynthia Alexander,david21@yahoo.com,500-694-0052x416,"Nurse, mental health"
Dennis Cooper,rhodeslarry@gmail.com,+1-748-439-7101x365,"Therapist, horticultural"
Thomas Carlson,brandon46@gmail.com,773-551-2230x24754,Mudlogger
Daniel Ashley,carneylance@yahoo.com,469.828.4844x194,Aeronautical engineer
Ryan Conrad,harrisjonathan@yahoo.com,001-518-846-2406x2414,"Psychotherapist, dance movement"
Heather Wong,jason84@hotmail.com,644-933-8621x065,IT sales professional
Megan Moreno,snydervictor@hotmail.com,(872)783-1156,Emergency planning/management officer
April Guzman,kelleychelsea@yahoo.com,001-610-954-5229x24916,Geophysical data processor
Phillip Chase,paula25@hotmail.com,354-958-4744x728,Applications developer
Daniel Gibson,fred78@hotmail.com,001-270-375-6110x65287,Hydrographic surveyor
Susan Pena,eolson@yahoo.com,(582)564-0673x725,Charity fundraiser
Christopher Garcia,nancy07@hotmail.com,826-766-9349x96556,Retail manager
Frank Garcia,angel46@yahoo.com,910-814-8975,"Psychologist, occupational"
Linda Lee,kathleenschultz@gmail.com,7893865948,"Surveyor, insurance"
Brian Cross,peter49@gmail.com,(803)761-0831x33624,Clothing/textile technologist
Lisa Smith,robert59@gmail.com,001-769-961-2885,Building services engineer
Rebecca Dunn,ananichols@hotmail.com,+1-477-947-3693x002,Magazine features editor
Jason Carter,megan19@hotmail.com,+1-925-769-9683,Warden/ranger
Randy Johnson,michelle28@hotmail.com,370.945.2909x2773,English as a second language teacher
Ana Rodriguez,nicholsdeborah@gmail.com,(607)758-2679,Surgeon
Jessica Sharp,carloscampbell@gmail.com,001-327-222-7218x94539,Aeronautical engineer
Cassidy Sharp,frios@yahoo.com,001-334-436-8664x695,"Buyer, industrial"
Lee Ford,johnmorales@yahoo.com,001-995-972-6017x7175,Medical illustrator
Carl Atkins,antonio39@gmail.com,886-298-2121x62963,Race relations officer
James Farmer,jason11@hotmail.com,001-924-955-3517,Multimedia programmer
Jessica Lewis,richardwilliams@gmail.com,(928)776-2877,"Engineer, biomedical"
Emily Mercado,katherinesheppard@yahoo.com,944.830.1083x397,"Engineer, electronics"
Jeffrey Green,jasonlane@gmail.com,674-333-5892x4609,Agricultural consultant
Angela Mccarty,melissagrant@hotmail.com,997.687.3831,Dramatherapist
Samantha Nelson,phillipssamantha@gmail.com,(969)696-8516x134,"Conservator, furniture"
Robert Roberts,bford@gmail.com,(367)864-6440x88541,"Buyer, industrial"
Cynthia Levine,mclaughlinjennifer@hotmail.com,966.987.2191x86032,Trade union research officer
Dawn Shelton,donald32@gmail.com,(553)995-1549,Financial manager
Daniel Mcdaniel,bartonrachel@hotmail.com,333.988.6260x4966,Community development worker
Dr. Susan Jensen DDS,ortegameghan@gmail.com,001-653-803-3955x50928,"Conservation officer, historic buildings"
Adrienne Rodriguez,ereyes@gmail.com,362-834-3571x9115,Communications engineer
Abigail Mcknight,hross@hotmail.com,956-342-6493,Public librarian
Arthur Bailey,ljohnson@yahoo.com,+1-823-284-1063x08387,Contracting civil engineer
Dr. Kaitlyn Walker,rachel74@hotmail.com,+1-895-680-2517x246,"Designer, jewellery"
Kelly Brooks,williamsnatalie@yahoo.com,565-703-7233,Quantity surveyor
Heather Jackson,lejay@gmail.com,925.538.5521,Colour technologist
Holly Charles,jacobdunn@yahoo.com,256-278-4811,Conference centre manager
Joseph Garza,caselawrence@hotmail.com,510-300-5915,Outdoor activities/education manager
Tammy Willis,fjohnson@hotmail.com,+1-618-884-1972,Trading standards officer
Thomas Hernandez,virginiaduran@hotmail.com,256.216.9719x6050,Scientific laboratory technician
Ms. Samantha Watts,madisonmorales@gmail.com,+1-496-542-0007,Environmental health practitioner
Blake Jones,rpearson@gmail.com,(871)989-9715,Print production planner
Krista Hogan,jstevens@yahoo.com,+1-688-269-7400x2658,"Administrator, arts"
Juan Ball,michael10@gmail.com,001-544-668-7054x3959,Tourism officer
Mason Thomas,stricklandpatricia@gmail.com,(887)980-8565x852,"Buyer, retail"
Jennifer Howard,wattsbrandon@hotmail.com,335-375-7540x295,Special effects artist
Sandra Jenkins,cmcintyre@gmail.com,(706)805-1568x9932,Systems analyst
Peter Wallace,sdickerson@gmail.com,+1-488-236-7649,Event organiser
Jasmine Horton,ejohnson@yahoo.com,311.820.4094x072,Music tutor
Kelly Morris,wwilliams@gmail.com,8053543923,Warden/ranger
Adam Walsh,markstevens@hotmail.com,293.902.6491x316,Advertising copywriter
Christopher Hood,ashleyking@gmail.com,(890)719-6150x345,"Lecturer, further education"
Leslie Green,christina56@yahoo.com,001-514-404-1444x730,"Radiographer, diagnostic"
Isaiah Swanson,qclements@hotmail.com,(532)707-9183x218,Dentist
Sarah Moreno,ericjones@gmail.com,+1-921-515-3903,"Therapist, occupational"
Deborah Murphy,jwilliams@yahoo.com,785.651.6865x4200,Wellsite geologist
Michael Jones,perkinskaren@hotmail.com,6322668710,Illustrator
Ashley Chambers,ashleyfrank@hotmail.com,+1-314-880-4400x6448,Solicitor
Mitchell Gonzalez,krystalarnold@yahoo.com,001-779-677-7457x3947,Hydrographic surveyor
Christopher Harris,jrichard@hotmail.com,(939)556-7543,Health promotion specialist
Douglas Beasley,xaguirre@yahoo.com,564-201-4148,Food technologist
Brittany Murray,scottnatalie@hotmail.com,001-679-565-0905x61916,Toxicologist
Kelsey Mckee,joshuadavis@gmail.com,(236)903-9233x7254,Sub
Cynthia Bartlett,jessica38@yahoo.com,3787483239,Structural engineer
Patty Bell,victoriaferguson@yahoo.com,874.426.6054x622,"Designer, interior/spatial"
Maria Everett,xwebb@hotmail.com,974-620-6686x78964,Pathologist
Randy Pham,hernandezstephen@hotmail.com,001-519-695-2721x474,Hospital doctor
Allison Gallegos,wgilmore@yahoo.com,244.545.2740x3043,"Producer, radio"
Alexandria Johnson,yorklynn@gmail.com,924.632.5006,Education administrator
Amanda Wiley,matthewcurtis@hotmail.com,+1-845-290-7507x09492,Corporate investment banker
Brooke Ramirez,macdonaldpatricia@hotmail.com,462-272-5676x92684,Food technologist
Jeremy Carpenter,yolandacox@gmail.com,917.728.9057x5021,Hydrogeologist
Rebecca Huynh,agreen@yahoo.com,732.214.8244x317,Learning disability nurse
Tina Combs,hebertjoseph@hotmail.com,+1-793-321-8641x744,Colour technologist
Leslie Anderson,mary82@yahoo.com,001-771-646-8954x92759,Transport planner
Brian Anderson,irivas@hotmail.com,+1-880-503-8542x6880,Firefighter
Edward Carroll,tinacharles@yahoo.com,(455)692-4385,Recruitment consultant
Brooke Leon,hansonbrendan@hotmail.com,256.894.4982,"Loss adjuster, chartered"
Sean Lloyd,wanda25@gmail.com,705-370-9176x2985,Veterinary surgeon
Dylan Watson,drewrogers@gmail.com,774-719-1818x6581,Make
Karina Rodriguez,jallen@gmail.com,552-907-4530,Barista
Shannon Scott,gallagherjohnny@gmail.com,6809066662,Advertising account executive
Anthony Adams,sarah17@yahoo.com,001-955-516-9236,Sales executive
Sarah Wright,jose08@yahoo.com,001-784-926-1404x5847,Stage manager
Nicole Wilkinson,margaret26@yahoo.com,+1-676-398-3505x683,"Runner, broadcasting/film/video"
Barbara Pearson,bentleyamanda@gmail.com,(660)391-5737,Therapeutic radiographer
Andrew Powell,zhawkins@yahoo.com,(889)661-1007x8457,"Therapist, music"
Wendy Johnson,gadams@hotmail.com,(219)825-3734,Diagnostic radiographer
Lisa Murray,martineztodd@gmail.com,871.361.3742,"Scientist, biomedical"
Keith Sheppard,angelalutz@hotmail.com,001-440-887-5168x72369,Science writer
Courtney Massey,vazquezdebbie@yahoo.com,001-773-979-0455x2389,"Engineer, chemical"
Valerie Melendez,halepamela@yahoo.com,689-760-8746x5128,Medical illustrator
Ashley Smith,gina89@gmail.com,548-691-8536,Acupuncturist
Bryan Torres,smills@gmail.com,+1-253-446-6576x748,Commissioning editor
Betty Jackson,robertsampson@hotmail.com,711.435.4451x27780,Contractor
Kimberly Hess,brownryan@yahoo.com,(788)752-4890x279,Sub
John Rivera,jonathan12@hotmail.com,305-691-6799,Field trials officer
Karen Mcgee,desiree85@hotmail.com,957-729-0215x590,Fitness centre manager
Barbara Fitzgerald,nicholas74@yahoo.com,+1-247-326-0077x10972,Astronomer
Abigail Wilcox,rodriguezkim@gmail.com,827-835-5451x7465,"Engineer, biomedical"
Donna Garcia,alexandererica@hotmail.com,652.893.3432,"Nurse, children's"
Randy Jones,javierherman@yahoo.com,(773)866-2767x520,"Surveyor, hydrographic"
Joseph Walker,qpena@gmail.com,354-219-4949,Museum/gallery curator
Jennifer Cole,knightbrian@yahoo.com,7528993027,"Nurse, learning disability"
Michael Nguyen,kentanthony@yahoo.com,993-654-4180,"Surveyor, minerals"
Anthony Richards,yoconnor@hotmail.com,(938)644-6949,"Therapist, speech and language"
Isaiah Lucas,benjaminjohnson@hotmail.com,317-902-2857,"Designer, industrial/product"
Elizabeth Greene,gregorybryant@hotmail.com,711.268.9160,Careers adviser
Jennifer Gilmore,uweaver@hotmail.com,(731)600-3299x495,Airline pilot
Michelle Meyer,sharon00@gmail.com,661.997.9993x2747,Animal technologist
Veronica Warren,carla96@gmail.com,995-982-1672x1107,Tax inspector
Vickie Key MD,csandoval@gmail.com,001-285-516-2296x79476,Fine artist
Maria Galloway,pnewton@hotmail.com,(618)914-1610x6060,Educational psychologist
Melissa Salazar,miranda72@gmail.com,575-892-7728x4189,Public house manager
Christine Singleton,robertlopez@gmail.com,001-698-343-2654x139,Tour manager
Mr. William Brooks,boonevanessa@hotmail.com,350.718.0069x95368,"Surveyor, rural practice"
Dana Knox,wgardner@hotmail.com,+1-649-268-2535x85252,Corporate investment banker
Jason Lara,brownrussell@gmail.com,(868)793-1702x94729,Consulting civil engineer
Michael Green,jessicaallison@gmail.com,628.981.3194,Accommodation manager
David Martin,boothalexander@gmail.com,(737)735-6745,Furniture conservator/restorer
Jeffrey Chandler,zmartinez@gmail.com,001-415-973-3888x87551,Podiatrist
Robin Hall,rebecca79@gmail.com,(676)996-0175x34528,Industrial buyer
Kimberly Donovan,amandagreen@hotmail.com,+1-659-602-2356x02604,Transport planner
Anthony Callahan,barbara13@hotmail.com,(409)761-1003x90868,Copy
Bradley Olson,chris09@gmail.com,+1-298-419-3742,Psychotherapist
Brenda Lane DDS,rodriguezjose@yahoo.com,+1-881-887-5223x455,"Surveyor, commercial/residential"
Nicole Wong,ryan02@gmail.com,6604408792,Charity officer
Tammy Hernandez,denniswilliam@yahoo.com,+1-674-367-5935,Dealer
Joshua Kelly,williamscraig@gmail.com,890-203-4136x819,Armed forces training and education officer
Frank Smith,wandawells@hotmail.com,+1-536-881-5859x78176,Printmaker
John Gross,nsmith@gmail.com,(780)372-0245,Water quality scientist
Michael Rojas,kimberlysantiago@gmail.com,(943)793-9672x86437,Fisheries officer
Michelle Payne,jack71@hotmail.com,+1-978-375-3985x200,Special effects artist
Mercedes Young,robinsonpaul@gmail.com,574-797-6378,Science writer
Luis Chen DVM,kelly67@gmail.com,+1-216-505-5219x20777,Haematologist
Steven Cooley,jill41@yahoo.com,+1-723-962-0535x550,Minerals surveyor
Chelsea Hicks,sherry29@gmail.com,813.670.9600x099,"Accountant, chartered management"
Michael Hall,heather98@yahoo.com,816.447.0447,"Engineer, electronics"
Gina Martin,smithcarolyn@hotmail.com,001-375-724-7284x62035,Acupuncturist
Stephanie Burton,katkins@gmail.com,+1-946-466-3042x38733,Consulting civil engineer
Stephen Turner,kristenpennington@yahoo.com,001-763-681-0269x90143,Data processing manager
Caitlin Rice,cgonzales@yahoo.com,5462666802,Industrial buyer
Carol Johnson,scampbell@hotmail.com,(846)296-4987,"Surveyor, commercial/residential"
Angela Brown,jodi03@gmail.com,(376)508-0670x656,Chiropractor
Elaine Rodriguez,morasylvia@gmail.com,6248126027,Corporate treasurer
Ronald Pena,williamsrhonda@gmail.com,+1-709-711-2440x23867,Sports administrator
Laura Fuller,mfriedman@gmail.com,891.701.7393,"Radiographer, diagnostic"
Meghan Castillo,esilva@hotmail.com,984-360-0611x44755,"Doctor, hospital"
Larry Gallegos,hannahjohnson@hotmail.com,+1-703-744-0902x4020,"Journalist, magazine"
Megan Blevins,jasonhudson@gmail.com,7048903349,"Designer, furniture"
Dalton Fisher,perezdamon@gmail.com,9397710162,Nature conservation officer
Danielle Payne,nathantaylor@gmail.com,(749)458-4996x908,"Engineer, land"
Valerie Johnson,johnmerritt@hotmail.com,+1-680-299-2567x2157,Camera operator
Gary Mcclain,cooperamanda@hotmail.com,+1-436-969-4206x57908,"Psychotherapist, child"
John Santiago,srodriguez@gmail.com,647-476-5307x34540,"Presenter, broadcasting"
Robin Parker,perrykayla@hotmail.com,001-761-394-5622,Surgeon
David Martin,curtis06@yahoo.com,(418)762-4349x8361,Product/process development scientist
Mike Phillips,tammy94@hotmail.com,979.917.8005,"Administrator, local government"
Julia Hughes,qknight@yahoo.com,(556)369-9343,Pensions consultant
Alice Weaver,kfoley@gmail.com,7212169380,Estate manager/land agent
Sharon Rubio,lopezmelissa@gmail.com,(360)454-6526x3399,Facilities manager
Kristopher Gibbs,leejennifer@hotmail.com,001-336-982-4906x3213,Nature conservation officer
Diana Clayton,alewis@yahoo.com,424-742-4872,Dancer
Alvin Garcia,maddoxlaura@yahoo.com,(418)465-5718,Conference centre manager
Monica Graham,wpeterson@hotmail.com,876.392.6104x3971,"Engineer, manufacturing systems"
Rebecca Nelson,jonathan78@yahoo.com,827.257.0858x186,Airline pilot
Erica Schultz,christinayoung@gmail.com,001-596-543-3459x27600,Make
Amanda Butler,isantiago@gmail.com,(532)392-6729x29458,"Investment banker, corporate"
Julia King,parkerbarry@hotmail.com,553.855.5484x37952,Geographical information systems officer
Kathryn Dixon,zglenn@yahoo.com,(448)361-7783x46713,Fitness centre manager
Lee Jones,samanthacoleman@hotmail.com,+1-206-535-0855x5721,Clinical molecular geneticist
Kathy Phillips,watkinsdaniel@gmail.com,+1-691-874-5074x63801,Hospital doctor
Emma Brown,dylan16@gmail.com,(782)233-6422x4122,"Psychologist, forensic"
Anthony Evans,michelle36@yahoo.com,001-702-332-4849x8569,Housing manager/officer
Ronald Pearson,clarkeryan@hotmail.com,584-379-9871x4508,Occupational hygienist
Chase Wilcox,christycastro@gmail.com,4732163882,Agricultural consultant
Tyler Stafford,bradleytroy@yahoo.com,925-773-0797,"Programmer, applications"
Brian Lynch,priddle@yahoo.com,2393056901,Retail merchandiser
Michelle Nelson,nicolewilliams@yahoo.com,(696)327-6001,Plant breeder/geneticist
Sarah Daniel,nixonmorgan@gmail.com,+1-705-284-5637x82855,Museum/gallery exhibitions officer
Tamara Potter,riveravictor@yahoo.com,9966974882,Management consultant
Joseph Olsen,youngmatthew@gmail.com,542.236.1462,"Exhibitions officer, museum/gallery"
Daniel Fields,nicholsonellen@gmail.com,001-991-740-7903x596,Commercial horticulturist
Gary Fuller,nicholassmith@gmail.com,+1-482-878-3570x090,"Education officer, community"
Susan Sharp,ashley91@yahoo.com,8949379966,Immunologist
Sandra Mendoza,tdelgado@hotmail.com,988-413-4838,Bookseller
John Baker,matthewjohnson@gmail.com,570.692.2405x89293,"Therapist, nutritional"
Randall Williams,carmen10@yahoo.com,(292)789-7812x5379,"Surveyor, insurance"
James Harris,stephen83@gmail.com,692-574-7455,Building control surveyor
James Mckenzie,john31@hotmail.com,412-919-2475,Radio broadcast assistant
Lisa Williams,angela28@yahoo.com,287-625-7579x1129,Sales executive
Samantha Booker,lfreeman@gmail.com,(280)288-5773x4070,Prison officer
Sara Rubio,moonariana@gmail.com,+1-492-494-3213,Quality manager
Monica Powers,nkelly@gmail.com,+1-520-357-1355x77797,Environmental consultant
Alexander Allison,marthadavis@yahoo.com,(878)613-9931x51928,Building services engineer
Geoffrey Rubio,kaitlin56@hotmail.com,664.440.0736x231,Health promotion specialist
Patrick Ayala,herreralaura@gmail.com,001-547-486-0163x031,"Scientist, physiological"
Adam Schneider,moralespatrick@hotmail.com,952-228-8226x221,Drilling engineer
Melanie Olson,harrisonbriana@hotmail.com,001-533-723-9560x281,Ecologist
Alexis Brooks,dennissullivan@yahoo.com,(427)436-4132,"Engineer, land"
Julia Johnson,christopher71@hotmail.com,332-689-7965x92336,Media buyer
Raymond Lopez,dunnedward@hotmail.com,322.823.7914x476,Soil scientist
James Scott MD,tbryan@yahoo.com,518.937.1067x758,Film/video editor
Laura Torres,henrylynch@yahoo.com,7723208737,Paramedic
Glenn Herrera,lauren26@yahoo.com,588.872.4687,Accommodation manager
Amy Thompson,phamjoseph@gmail.com,932-219-2454x086,"Surveyor, building"
Candice Palmer,davidmccormick@hotmail.com,+1-922-425-9624,Research scientist (medical)
Jason Collier,zhall@gmail.com,644-507-1914x2854,Publishing rights manager
Kimberly Miller,westmichael@hotmail.com,948.713.0992,Risk analyst
Sarah Henderson,hodgesjulie@gmail.com,991-526-3860x479,Control and instrumentation engineer
Lorraine Miranda,stonekaren@yahoo.com,524-821-8508x109,Futures trader
Miss Catherine Espinoza DDS,eric86@hotmail.com,623.532.5760x595,Patent attorney
Christina Kirby,maureen01@yahoo.com,(984)298-5529x252,"Therapist, occupational"
Natalie Brown,frodriguez@yahoo.com,(320)328-6271x34652,"Programmer, applications"
Miss Maria Reyes,wolfcynthia@yahoo.com,+1-304-720-6917x1201,"Engineer, water"
Tina Orr,burnettchelsea@yahoo.com,(436)313-9085x47630,Production manager
Shane Fernandez,sstrickland@hotmail.com,618.539.2902x1533,"Surveyor, minerals"
Kelly Williams,lynnwang@gmail.com,381.741.3058,"Engineer, electrical"
Maria Cooper,amywarren@gmail.com,984-847-6321,Fish farm manager
John Reynolds,amygonzalez@yahoo.com,+1-702-865-6852x4129,Colour technologist
Jonathan Anderson,andrew09@gmail.com,(835)670-1566,Hotel manager
Anna Lawrence,amandahernandez@gmail.com,362-459-0477x893,Financial planner
Thomas Hanna,loweryedward@yahoo.com,(763)604-9768x54627,Trade mark attorney
Cody Yates,laura83@gmail.com,538.230.1907x2764,Broadcast presenter
Jennifer Sheppard,websterlori@yahoo.com,+1-350-983-0196,Paramedic
Edward Palmer,cwright@yahoo.com,262-522-4481x90195,Personnel officer
Marie Garza,david01@yahoo.com,(401)997-5323x8970,Broadcast engineer
Joshua Davis,jacob28@yahoo.com,(684)968-5121x698,Air broker
David Fields,atkinsonamanda@hotmail.com,+1-505-608-0160x6046,Fine artist
Charles Warren,vasquezmichael@gmail.com,818-341-7988,Electronics engineer
Thomas Little,garciachristine@yahoo.com,657-285-9437x544,Technical author
Brittany Hall,lawrencedavid@gmail.com,001-539-251-4181x7248,Environmental education officer
Virginia Reed,griffinrobert@yahoo.com,8989611924,Herbalist
Richard Phillips,johnathan61@yahoo.com,(824)335-7591,"Exhibitions officer, museum/gallery"
Cynthia Jenkins,kevingonzales@gmail.com,(482)498-8926,"Designer, exhibition/display"
Julie Estrada,megan90@gmail.com,(954)639-3573x971,Maintenance engineer
Elizabeth Jackson,oaguilar@hotmail.com,702-468-3451,"Editor, magazine features"
Tanya Hudson,graveskrystal@gmail.com,595.879.8662x96864,Newspaper journalist
Joseph Burns,christopherhebert@hotmail.com,203-565-5845x1432,Building services engineer
Janice Armstrong,victor19@gmail.com,713.934.6450,Sales executive
Sharon Lee,butlermark@gmail.com,+1-465-859-8689x5457,"Psychologist, prison and probation services"
James Lopez,gutierrezkaren@gmail.com,610.838.9652x8355,Customer service manager
Ryan Hall,rwest@hotmail.com,852-894-7451x27446,"Production assistant, radio"
Nicholas Flynn,katelyncooper@hotmail.com,249-210-4066x59617,"Engineer, electronics"
Ray Ramirez,wayne23@yahoo.com,(498)671-9197x63947,Immunologist
Mary Johnson,moongary@hotmail.com,(684)363-0806,"Radiographer, diagnostic"
Angela Sweeney,kaylahoward@gmail.com,9377352461,Legal secretary
Timothy Williams,julie21@yahoo.com,289.941.1436,IT consultant
Cody Fisher,thomas22@hotmail.com,001-720-643-2657,Psychiatrist
Helen Hodges,uvillanueva@gmail.com,422.851.1850x0162,"Optician, dispensing"
Alyssa Morrow,andrew62@yahoo.com,+1-717-765-7615x648,"Engineer, aeronautical"
Jared Boyd,singhjames@gmail.com,001-927-226-9713x5939,"Education officer, museum"
Edward Trevino,paul21@yahoo.com,+1-827-564-9818,Learning disability nurse
Corey Moore,tammybailey@hotmail.com,323.943.7479x49079,Chartered legal executive (England and Wales)
James Ramirez,ykemp@gmail.com,866-778-2514x9594,"Chemist, analytical"
Lauren Bennett,umcgrath@hotmail.com,+1-477-858-7320x28279,Consulting civil engineer
Michelle Watts,brenda07@yahoo.com,666.809.7287,Automotive engineer
Mitchell Moore,alexandersmall@gmail.com,+1-286-474-1101x325,Marine scientist
Kimberly Ware,deborahlamb@gmail.com,4139586943,"Therapist, music"
Debra Thompson,melissa84@gmail.com,001-414-622-2437x59162,"Surveyor, commercial/residential"
Amy Gilbert,abigailgonzalez@gmail.com,718.633.9429,Primary school teacher
Amber Rodriguez,daisy14@hotmail.com,001-247-993-2033x186,Financial risk analyst
Daniel Rose,david54@hotmail.com,(556)322-8533,"Teacher, special educational needs"
William Williams,melindatucker@yahoo.com,226-565-9355x490,Insurance claims handler
Olivia Cochran,jonathan83@yahoo.com,4503557191,Sports administrator
Lucas Dunn,qespinoza@yahoo.com,511-635-5632x0103,"Designer, fashion/clothing"
Bethany Nelson,sarmstrong@gmail.com,(539)648-9030x09857,Energy manager
Brian Goodman,christopher17@yahoo.com,001-214-297-3905x6839,Film/video editor
Kenneth Madden,georgemacdonald@gmail.com,848.409.3243x0602,Chartered legal executive (England and Wales)
Jack Coleman,lkim@hotmail.com,001-650-676-3435x26821,Research scientist (medical)
Jennifer Kane,valerie91@gmail.com,876.275.0431x9847,"Engineer, technical sales"
Kimberly Schmidt,rachelbautista@gmail.com,291.935.2301,Insurance broker
Dr. Teresa Harris,melanie28@gmail.com,+1-860-439-0645x84387,Research scientist (physical sciences)
Bradley Bowman,shawanthony@hotmail.com,+1-320-693-1639x5259,Soil scientist
Betty Moore,tracy75@gmail.com,+1-262-686-6204x1559,Advertising account planner
Gabrielle Watts,mariawilliams@yahoo.com,360.837.7826x2951,Adult nurse
Ronald Estes,qfoley@hotmail.com,459.946.4789x6190,Neurosurgeon
Theresa Cohen,richard35@yahoo.com,001-218-662-5922x8038,"Optician, dispensing"
Kevin Martinez,hooverjeffrey@gmail.com,001-512-276-4038x99610,Community development worker
Perry Carter,nancy10@yahoo.com,457-268-4944,"Engineer, agricultural"
Derek Wang,tatecynthia@gmail.com,(621)968-3670x77646,"Engineer, maintenance"
Gregory Gill,veronica83@hotmail.com,+1-615-620-4079x9183,Petroleum engineer
Daryl Stokes,courtneyjones@yahoo.com,+1-755-233-7812x355,"Horticulturist, commercial"
Christopher Joseph,qsmith@hotmail.com,001-552-864-6308,Tree surgeon
Amanda Stephens,robinsonhannah@hotmail.com,+1-525-746-6599,"Therapist, occupational"
Richard Knight,karen57@yahoo.com,(759)768-9759x81491,Operational investment banker
Brian Smith,hgarcia@hotmail.com,+1-264-661-6057x0252,Office manager
Jay Knight,williampayne@hotmail.com,730.990.5693x082,Retail merchandiser
Tiffany Williams,gomezkathleen@yahoo.com,547.732.7798x997,Public relations account executive
Sandra Barron,lopezmarc@hotmail.com,(441)553-6440x1033,Broadcast journalist
Denise Farmer,elizabethwalker@yahoo.com,590.691.0648x347,Race relations officer
Connie Henderson,apriljohnson@hotmail.com,497-602-2931,Chief Strategy Officer
David Montgomery,drew99@gmail.com,(258)599-9875x3362,Printmaker
Paul Esparza,jacksonmiranda@yahoo.com,6774161024,"Doctor, hospital"
Ariel Hartman,reynoldschristopher@hotmail.com,915.810.5528x87412,"Engineer, building services"
Timothy Avila,tim36@gmail.com,852.373.1702,Automotive engineer
Linda Allen,garylee@gmail.com,(966)460-3857x49834,Merchant navy officer
Mary Osborn,lancebrown@yahoo.com,001-385-421-6421x1699,"Scientist, marine"
Dawn Tucker,medinamichael@hotmail.com,+1-276-926-3959x732,"Investment banker, corporate"
Bobby Ward,breyes@gmail.com,204-683-6691x114,"Administrator, local government"
Kevin Dawson,johnsonrichard@yahoo.com,669.844.8734x2151,Dancer
Johnathan Coleman,reidcarol@yahoo.com,8772598842,Chartered certified accountant
Emma Sanders,wjohnson@yahoo.com,+1-904-897-2764,"Programmer, applications"
Mary Lynn,scombs@gmail.com,217-263-6869x741,Bonds trader
Pamela Thompson,zrios@hotmail.com,001-275-242-6278x414,Industrial/product designer
Brittany Atkinson,richardhines@gmail.com,(834)627-9109,"Scientist, forensic"
Colton Smith,duncanjason@gmail.com,+1-982-379-0560,"Therapist, sports"
Aaron Simmons,melissa15@gmail.com,8184281884,Dealer
Kimberly Campbell,matthew88@hotmail.com,5002386303,Camera operator
Dr. Barbara Allen DVM,whiteamy@hotmail.com,+1-341-382-3012x430,Operational researcher
Edward Odonnell,michael00@yahoo.com,843.702.5729x837,"Designer, television/film set"
Sabrina Gentry,ashley82@yahoo.com,(259)354-5642x836,"Production assistant, television"
Marc Garcia,vickie69@hotmail.com,212-947-1564,Public relations officer
Megan Dean,wendy91@yahoo.com,(207)494-9402,"Surveyor, building control"
Deanna Gray,yrichardson@gmail.com,001-676-516-4442x090,Patent attorney
Christine Wilson,sheilaflores@yahoo.com,639.830.5894,Bookseller
Michael Hart,michael64@yahoo.com,310-814-7079x9713,Legal executive
Latoya Miller,fdavis@hotmail.com,+1-633-795-6466x62162,Lexicographer
Mary Tran,rodneyjackson@gmail.com,001-758-414-0908x371,Agricultural engineer
Jeffrey Andersen,ralphconner@hotmail.com,001-393-338-2243,Advertising account executive
Donald Johnston,ovazquez@gmail.com,450.903.8695x07779,Musician
Justin Wright,william70@yahoo.com,001-857-922-2636,"Education officer, environmental"
Kathryn Martinez,youngkaren@yahoo.com,642.724.9855,Gaffer
Amy Barker,lopezjames@gmail.com,(204)262-3564x8608,Camera operator
Jennifer Santos,chodge@hotmail.com,473-706-7040x4298,Fine artist
Sarah Johnson,donaldcameron@hotmail.com,811.787.6226,Telecommunications researcher
Nicholas Davis,donna77@hotmail.com,(763)304-1094,Chemical engineer
Rachel Lawrence,stacey79@gmail.com,(250)801-6259x5701,"Designer, interior/spatial"
Teresa Bright,mreed@gmail.com,347.370.4467,Chief Strategy Officer
Todd Hartman,weekschristopher@gmail.com,678-734-7034x9305,"Engineer, structural"
Jacqueline Thomas,anthonywagner@hotmail.com,(614)759-4784x068,Podiatrist
David Medina,sandra24@hotmail.com,001-391-242-2233x84172,Writer
Jennifer Payne,bennettkimberly@yahoo.com,001-475-811-6098x663,"Engineer, petroleum"
Devin Mejia,zschultz@hotmail.com,001-991-995-9344x3238,Mental health nurse
Jesse Gibson,wesley83@gmail.com,528.358.8967,Legal executive
Kari Garcia,joshua74@gmail.com,(659)333-7600,Advice worker
Carla Hernandez,lchavez@hotmail.com,+1-459-820-2484x128,Advertising art director
Theodore Perez,qgregory@yahoo.com,6045062706,Chief Technology Officer
Rachel Morrison,henrywright@yahoo.com,565.800.1259x983,Chartered legal executive (England and Wales)
Emma Skinner,kelsey67@yahoo.com,342.731.1493,Ophthalmologist
Alexis Knight,wvance@gmail.com,(229)457-2876,"Engineer, automotive"
Allison Meyers,huntercheryl@gmail.com,+1-378-477-1425,"Engineer, automotive"
Craig Gillespie,ricky72@hotmail.com,(621)325-1197x7819,"Biochemist, clinical"
Teresa Bailey,mmaxwell@hotmail.com,4959946055,Make
Patrick Hernandez,anthony29@hotmail.com,(757)685-9055x95377,Medical illustrator
Mr. Timothy Strickland,john85@gmail.com,367-816-7871,Office manager
Catherine Warren,rachelbradford@gmail.com,667.623.3426x8325,Architect
Alfred Evans,rogersgary@yahoo.com,+1-212-432-1394,Occupational hygienist
Ana Paul,timothy73@yahoo.com,(820)915-1766,Printmaker
Amy Hayes,petersonchristopher@yahoo.com,256.291.4957x672,Charity officer
Joseph Olsen,justin33@yahoo.com,+1-267-651-7996x958,Publishing rights manager
Tony Flores,hansenaaron@hotmail.com,349.561.8145,Print production planner
Brittany Hamilton,tiffany54@yahoo.com,629-650-7802,Marine scientist
Bradley Cameron,davidfreeman@hotmail.com,9094300292,Product designer
Erica Bell,ctucker@gmail.com,344-487-4645x6237,Logistics and distribution manager
Samantha Spencer,lwilliams@hotmail.com,3552212237,Advertising art director
Joanna Jackson,tcooper@yahoo.com,001-377-500-4314x215,Chief Operating Officer
Diana Thompson,oadams@gmail.com,594-410-7084,"Geneticist, molecular"
Christopher Pugh,fyoung@hotmail.com,843.963.0962x407,Tourist information centre manager
Anna Hill,parkerwilliam@gmail.com,+1-633-426-3342,Corporate investment banker
Frank Roberts,ricky35@hotmail.com,849-854-4867x4665,"Programmer, applications"
David Smith,durhamjamie@gmail.com,632-269-8670,Environmental consultant
Michael Gates,michael80@hotmail.com,958-707-3608,"Copywriter, advertising"
Marie Santiago,jasminecarter@yahoo.com,001-431-447-9483x4130,Barista
Brad Burgess,rachel17@gmail.com,780.706.5054x7858,Herpetologist
Jonathan Watson,nturner@gmail.com,(395)305-1324x473,"Scientist, research (maths)"
Jeffrey Johnson,angelaleon@gmail.com,477-251-0160x705,"Scientist, forensic"
Jessica Smith,vevans@yahoo.com,414.411.4970,Accounting technician
Sarah Miller,fdonaldson@yahoo.com,996.821.2630,Patent examiner
Margaret Smith,robert80@gmail.com,+1-505-951-1775,"Teacher, secondary school"
Yesenia Black,obarnes@yahoo.com,345.381.8898,"Psychologist, clinical"
Jacqueline Rivas,zmcdonald@gmail.com,525-899-2240x74180,Technical author
Kayla Rivera,ppennington@gmail.com,(424)891-7057x654,Best boy
Michael Guzman,russelljillian@gmail.com,001-255-298-5729,Recruitment consultant
Teresa Daniels,walkermegan@gmail.com,975-624-5414x5773,"Conservator, furniture"
Dr. Julie Humphrey,nkelly@hotmail.com,733-747-9902x7919,Special educational needs teacher
Rachel Martinez,fshannon@yahoo.com,001-817-336-6329x8562,"Journalist, broadcasting"
Christine Lee,zachary11@gmail.com,305.364.2471x9685,Operations geologist
Thomas Rhodes,steven81@gmail.com,389-468-8294,Furniture designer
Elizabeth Thomas,nicholaskirk@hotmail.com,(390)395-7659x95367,"Psychologist, occupational"
Jessica Summers,gravesjames@hotmail.com,4258117264,Forensic scientist
Aaron Lowe,ydavis@hotmail.com,+1-976-688-7679x3650,Gaffer
David Rodriguez,finleytravis@hotmail.com,+1-297-499-0155x3704,English as a second language teacher
Jessica Rios,harringtondavid@gmail.com,2359814721,Financial controller
Courtney Melton,tiffanymeyers@yahoo.com,344-309-4623x987,Clinical research associate
Victoria Snow,gomezelizabeth@yahoo.com,605.297.3981,Forensic psychologist
Matthew Pena,kirk90@gmail.com,+1-328-448-8420,Animal technologist
James Munoz,jenniferscott@gmail.com,(975)582-0892x705,Nature conservation officer
Hunter Austin,gregory52@yahoo.com,357.757.3321,"Surveyor, planning and development"
Kathleen Potts,nmills@gmail.com,+1-421-827-2116,Planning and development surveyor
Brittney Taylor,kparsons@gmail.com,001-950-342-7323,Health and safety inspector
Christopher Marshall,wilkersonmiguel@yahoo.com,484.628.3756x7340,Corporate treasurer
Erin Branch,castrowilliam@hotmail.com,8617567141,Air broker
Curtis Harmon,julienelson@gmail.com,(935)334-7786x145,"Engineer, automotive"
Samuel Knight,brett24@hotmail.com,001-722-721-0267x6168,"Merchandiser, retail"
Matthew Parker,tannerlaura@gmail.com,395-982-5933x26188,Banker
Michael Santiago,ryanbowman@gmail.com,967.975.3919x096,"Administrator, local government"
Kristen Vazquez,shannon01@yahoo.com,+1-364-599-1906,Insurance risk surveyor
Amber Logan,kathy01@hotmail.com,891-322-8237x9302,Senior tax professional/tax inspector
Leon Monroe,joshua03@hotmail.com,(399)291-6602x8524,Web designer
Jamie Smith,johnsanford@gmail.com,911.515.2075x87357,Holiday representative
Sophia Watts,anthony23@yahoo.com,001-854-904-3710x895,Product/process development scientist
Robin Chapman,kimberlyhowell@gmail.com,662-885-6856x5857,Senior tax professional/tax inspector
Kelly Bush,melissagonzales@hotmail.com,681.654.5742,Community education officer
Dr. Robert Martinez,hallheather@gmail.com,001-683-968-1587x206,Sales executive
Jason Allen,ggarcia@yahoo.com,226.595.3506x6448,Accommodation manager
Joshua Daugherty,brobinson@hotmail.com,+1-813-956-7687x4552,Technical author
Kathy Mathews,tmitchell@hotmail.com,(352)461-1866x0915,Marine scientist
David Harris,ginagarcia@yahoo.com,+1-402-808-9646x3366,Management consultant
Bryan Wright,mooremichael@gmail.com,+1-324-943-0460x769,English as a foreign language teacher
Charles Robertson,hrichardson@hotmail.com,845-261-8948x6485,"Chemist, analytical"
Cynthia Kline,sharon52@yahoo.com,(408)588-5452x6297,"Editor, commissioning"
Holly Howard,ghenderson@yahoo.com,001-943-728-0585,"Biochemist, clinical"
Christopher Dominguez,millersheila@yahoo.com,+1-400-358-4025,Wellsite geologist
Ashley Pineda,uadams@yahoo.com,4916934611,Advertising account executive
Dr. Jenny Mooney,qyates@yahoo.com,721-981-0627,"Teacher, primary school"
Terri Adkins,cherylcooley@hotmail.com,+1-731-891-2291x816,Air cabin crew
Jeffrey Ochoa,mathewsrandy@gmail.com,+1-337-420-8802,Air cabin crew
Robert Wilson,shirleyjohnston@yahoo.com,(529)816-3601,Financial adviser
Ashley Burnett,josephkevin@hotmail.com,330.939.6772x1965,Financial controller
Stephanie Guerra,brendawilson@hotmail.com,(921)428-1582,Aeronautical engineer
Jennifer Gray,katherinewilliams@gmail.com,759.273.0917x7803,Press photographer
Mark Tyler,robert16@hotmail.com,424-906-2016x79021,"Scientist, research (life sciences)"
Laura Hill,achen@hotmail.com,455.333.7955,Museum education officer
Timothy Wells,roy60@yahoo.com,001-349-386-2571x46456,Ergonomist
Katelyn Welch,michael31@gmail.com,752-331-5423x9501,Armed forces training and education officer
Matthew Gray,lhubbard@gmail.com,330.927.2244,Youth worker
Jared White DDS,ygross@yahoo.com,692-263-5200,Ophthalmologist
Kristine Campbell,kallen@gmail.com,001-669-683-5333x885,"Nurse, children's"
Lindsey Scott,qmason@hotmail.com,453-634-2597,Medical technical officer
Daniel Jones,nicole59@yahoo.com,(948)821-1054x73507,Solicitor
Michael Schwartz,iturner@gmail.com,(755)296-4638,"Engineer, biomedical"
Elizabeth Rice,allenmark@gmail.com,001-286-234-2923x2193,Chief Financial Officer
Steve Martinez,hernandezdarren@hotmail.com,614-489-4475x70824,Logistics and distribution manager
Olivia George,leonard67@gmail.com,584-457-7655,"Librarian, public"
Tony Holland,tmercer@hotmail.com,777-728-0397,Ophthalmologist
Thomas Mcdaniel,christopher53@yahoo.com,(257)395-6475,Public relations account executive
Troy Mcdowell,tina31@gmail.com,(243)706-8581x04709,Chartered accountant
Brandon Estrada,ortegarichard@hotmail.com,7443550251,"Programmer, applications"
Latasha Martinez,mclaughlinsandra@hotmail.com,+1-971-660-5483,"Therapist, art"
Joel Estrada,cgiles@gmail.com,(288)641-7479x26119,Agricultural consultant
Darius Sampson,aliciathomas@hotmail.com,(953)643-5995,"Surveyor, hydrographic"
Mrs. Cassie Walsh,garnerjessica@yahoo.com,768-773-4090x10677,Event organiser
Joe Ruiz,makayla89@gmail.com,001-373-461-4936x49581,Comptroller
Andrew Austin,cjohnson@yahoo.com,413-868-3587x0723,"Engineer, technical sales"
Joseph Henson,martinrichardson@hotmail.com,792.814.3849x827,Chartered certified accountant
Larry Miller,allenjulia@gmail.com,458.414.5181,Advertising account planner
Anna Montoya,ramirezsamantha@yahoo.com,+1-828-997-9702,Contractor
Nicholas Williamson,jenkinsjacqueline@hotmail.com,001-276-646-4320,Animal nutritionist
Michael Russo,millerbrian@gmail.com,343-256-8653x947,Radio broadcast assistant
Veronica Anderson,rreynolds@hotmail.com,(887)695-2269x5621,"Research officer, political party"
Matthew Torres,rdillon@yahoo.com,566-461-6659x3969,Estate manager/land agent
Matthew Goodwin,richmondcourtney@yahoo.com,(877)587-2942x44817,Maintenance engineer
Melinda Nelson,austinbecker@gmail.com,001-202-911-3254x9247,Magazine features editor
Derrick Johnson,ginabarnett@yahoo.com,001-884-343-2004x5836,Toxicologist
Angel Christian MD,pfreeman@gmail.com,+1-938-620-4945x158,Interpreter
Alexander Sampson,burtonshelia@gmail.com,508-685-0811,Company secretary
Michelle Miller,jaime52@yahoo.com,280-511-0602x8799,Architectural technologist
Julie Gilbert,arnoldjacob@hotmail.com,317.986.1715,Immigration officer
Dennis Dalton,elizabeth32@gmail.com,+1-413-560-3732x654,Retail merchandiser
Andrew Murphy,hnelson@yahoo.com,(374)356-0244x505,"Engineer, production"
Justin Jones,rflynn@hotmail.com,001-782-662-5062x3126,Oncologist
Jeffrey Anderson,ashley43@hotmail.com,384-333-4302,"Therapist, music"
Amber Johnson DVM,mariefaulkner@yahoo.com,001-460-534-6350x8611,Public affairs consultant
Richard Hansen,eugene67@gmail.com,(483)312-4429x38569,Financial manager
Danielle Lowery,mckeedenise@yahoo.com,001-370-249-8389x5461,Futures trader
Matthew Ross,markjohnson@gmail.com,592.670.8039x635,Ergonomist
Laura Wade,karlapayne@yahoo.com,001-479-360-4037,"Engineer, water"
William Morton,sarabennett@hotmail.com,+1-594-776-1477x67303,"Surveyor, building control"
Elizabeth Cook,ernest90@hotmail.com,995-638-7151x89784,Telecommunications researcher
Charles Estrada,kevinlane@gmail.com,(327)677-7332,Osteopath
Chloe Townsend,stephanie81@hotmail.com,001-655-331-9807x87995,Product designer
Randall Watson,kayleegarcia@yahoo.com,(403)753-0209,Social worker
Jeffrey Bernard,zunigacarla@gmail.com,+1-398-470-8690x83190,Clinical molecular geneticist
Joseph Baker,hwhite@hotmail.com,238-605-2239x9380,Tourist information centre manager
Andrea Bell,ifrank@hotmail.com,+1-424-507-7248x95862,"Investment banker, operational"
Rachel Dominguez,james58@gmail.com,(384)381-0610x2692,Automotive engineer
Sharon Ali,gallegosraymond@gmail.com,5958430410,Health and safety inspector
Maria Perez,rlarson@yahoo.com,+1-640-593-8653x331,Sports development officer
Daniel Fisher,edwardschmidt@hotmail.com,+1-739-852-0405x6123,Tax inspector
Christina King,qflores@hotmail.com,001-882-843-1864x188,Printmaker
Nicholas Snyder,kromero@gmail.com,950.999.8253x14707,Health service manager
Linda Patrick,gina72@hotmail.com,491-653-5114x21000,"Scientist, product/process development"
Kristen Gonzalez,melanie93@yahoo.com,871-822-1079x09323,"Designer, fashion/clothing"
Natalie Ward,kendrachristensen@hotmail.com,291.894.8996x1933,Surgeon
Scott Hawkins Jr.,dhuber@hotmail.com,655-334-2735x93357,Geophysical data processor
Brenda White,colelisa@yahoo.com,001-980-720-8254x597,Artist
Christina Johns,robertaaustin@hotmail.com,626-238-4014,Research scientist (medical)
Eric Houston,frederickrivas@gmail.com,584.998.0918,Architect
Kayla Hawkins,shannoncaldwell@hotmail.com,001-484-508-4201x7455,Professor Emeritus
John Smith,james24@gmail.com,(783)857-4752x9271,"Teacher, primary school"
Yvonne Dean,sandraenglish@gmail.com,378.239.8045x6910,"Surveyor, building control"
Danielle Johnson,angelasmith@hotmail.com,+1-313-876-3809,Immunologist
Emily Stevenson,ftyler@yahoo.com,(755)305-7196,Operational researcher
Pamela Hudson,dianataylor@yahoo.com,292-693-8415x1275,Newspaper journalist
Kaitlyn Adams,kruegercharles@gmail.com,776.729.4185x67182,Systems developer
Sarah Gray,harrislindsey@hotmail.com,6558864061,Podiatrist
Cody Avila,janderson@yahoo.com,(982)396-6389,Recruitment consultant
Timothy Daniels,odomscott@gmail.com,605-768-9452x05178,Higher education careers adviser
Heather Meadows,halldanielle@hotmail.com,788-654-1656,"Psychotherapist, child"
Daryl Dixon,albertsmith@yahoo.com,(234)961-2244x1082,Personal assistant
Dakota Sanchez,martinezcharles@hotmail.com,(530)281-6303x7238,"Surveyor, land/geomatics"
Pamela Bates,becky69@hotmail.com,9867167977,"Pilot, airline"
Dustin Lowery,williammcdaniel@yahoo.com,4144548108,Television camera operator
Daniel Stanton,joshuabeck@yahoo.com,+1-668-292-2641x4477,"Therapist, art"
Jeffery Foster,brownpaul@hotmail.com,+1-538-578-2797x1544,Amenity horticulturist
Micheal Taylor,jasonperez@gmail.com,(323)593-2262x7102,"Engineer, electronics"
Abigail Franklin,gestrada@gmail.com,+1-477-578-3633x224,Research scientist (medical)
Tammy Irwin,upalmer@yahoo.com,970.359.6146x1866,Psychiatrist
Jason Reyes,virginiacoffey@hotmail.com,(218)622-2849,Politician's assistant
Ashley Donovan,hunter89@yahoo.com,384.573.7169,Lawyer
Jason Gould,dreed@gmail.com,(932)271-4838,Medical sales representative
Steven Oconnor,amy49@gmail.com,001-681-423-7431,Chiropodist
Jessica Foster,christopher48@yahoo.com,489.780.2820,Tour manager
Kristen Kim,teresawillis@yahoo.com,791.379.7328x37260,Corporate investment banker
Kristopher Dunn,butlerjoseph@gmail.com,535-227-5979x7168,Engineering geologist
Alejandra Newton,yvette80@gmail.com,795-374-8599,Insurance claims handler
Jennifer Hernandez,npeck@hotmail.com,(491)222-4498x16004,"Scientist, physiological"
Erin Jones,gabrielrichards@gmail.com,719.745.1361x74360,Video editor
Holly Gates,nrusso@yahoo.com,861.742.2070x93954,Naval architect
Denise Mcdonald,sbrown@gmail.com,902.336.4753x54276,Environmental health practitioner
Andrea Booth,garciacynthia@yahoo.com,4934305141,"Chemist, analytical"
Patrick Huffman,evansrussell@yahoo.com,001-232-970-4748x144,"Clinical scientist, histocompatibility and immunogenetics"
Carrie Barrera,stephanie68@gmail.com,+1-847-880-6141,Orthoptist
Christine Foster,ymartin@gmail.com,+1-617-597-4983x060,Dancer
Jordan Rogers,dthomas@yahoo.com,+1-859-212-5222x143,Product manager
Joanna Harris,tina67@gmail.com,4234811775,Haematologist
Matthew Graham,anitagibson@yahoo.com,842-380-6380x354,"Designer, television/film set"
Jason Campos,lloydjeanne@gmail.com,312.662.8636x21029,Civil Service fast streamer
Bianca Marshall,dianewilliams@gmail.com,(865)551-1358,"Psychologist, prison and probation services"
Jason Jackson,robin62@gmail.com,519.770.3749x9612,Engineering geologist
John Johnson,thomas98@hotmail.com,269-819-2570,Copy
Monica Davis,dstone@hotmail.com,(580)707-8212,Museum/gallery conservator
Lisa Roberts,darrellyoung@hotmail.com,497-799-1573,Equality and diversity officer
Jerry Smith,alishathomas@yahoo.com,+1-323-634-5016x34905,Personal assistant
Elizabeth May,tbowen@hotmail.com,(415)814-4466x1852,Communications engineer
Christopher Gardner,henryandrea@hotmail.com,249.375.5735,Electrical engineer
Jacob Bradley,maryjones@yahoo.com,208.611.3122x430,Animator
Tara Cook,taylor58@yahoo.com,(864)583-0537x61846,"Surveyor, rural practice"
Jody Perez,benjaminmcgee@hotmail.com,997.215.8164x420,Systems developer
Kaitlin Perry,acostajulie@gmail.com,+1-649-681-6470x38204,Paramedic
Kevin Johnson,gthornton@yahoo.com,001-958-718-9289,"Sales professional, IT"
Michael Blair,jeffrey28@yahoo.com,229-796-1714x3038,Retail manager
Timothy Gilmore,fernandezsandy@gmail.com,538.450.2094x784,Research scientist (medical)
Catherine Baker,brandi43@hotmail.com,001-326-481-5902x85782,Retail merchandiser
Samantha Mccarthy,david06@gmail.com,555.950.1940x96550,Probation officer
Anna Hayes,bkane@hotmail.com,576-781-2852,"Horticulturist, commercial"
Stephen Hawkins,robert81@gmail.com,384-448-9102,Proofreader
Martin Grant,longadam@gmail.com,6607409735,Oncologist
Brian Willis,christophergreen@gmail.com,9965421748,Catering manager
Morgan Ramirez,michelle74@gmail.com,001-841-931-0603,Emergency planning/management officer
Michelle Shepard,mthompson@hotmail.com,001-476-224-3060x1363,Solicitor
Cheyenne Jackson,nicolenewman@hotmail.com,805-524-5438x556,Educational psychologist
Michele Taylor,griffithkathleen@yahoo.com,(658)607-6140,Ranger/warden
Kyle Miller,dawnanderson@gmail.com,905.893.9628,Higher education lecturer
Megan Hodge,qrusso@yahoo.com,(421)948-5066x26161,Nutritional therapist
Megan Owens,simpsonchristy@hotmail.com,(861)220-0955x797,Food technologist
Steven Mayer,tylernavarro@gmail.com,(531)925-9538x033,Learning disability nurse
Stacy Bailey,scott30@yahoo.com,+1-831-389-3441x78305,Hospital doctor
Alan Cox,normanjordan@gmail.com,001-359-331-0815,Multimedia programmer
Shannon Hopkins,kpeters@yahoo.com,+1-849-267-2500x8018,Research scientist (life sciences)
Arthur Ray,shane05@hotmail.com,484.567.0373,Chief Marketing Officer
Kenneth Green,brittanybarnes@gmail.com,462-631-0472x6509,Clinical molecular geneticist
Adam Nichols,jefferymcintyre@yahoo.com,9306211571,Financial planner
Anthony Griffin,michael56@gmail.com,(779)994-8998,Health visitor
Gwendolyn Cooper,karenbeltran@yahoo.com,(316)747-0834,Research scientist (medical)
Katie Robertson,cartermeghan@hotmail.com,(709)893-2432x87133,"Social research officer, government"
Brittney Johnson,alishaclark@hotmail.com,280-821-2016,"Scientist, physiological"
Chelsea Forbes,kwright@yahoo.com,001-340-880-2870x410,Advertising account planner
Bryce Barker,timothyarroyo@yahoo.com,890.736.0039,Visual merchandiser
Laura Cox,monica90@hotmail.com,2982805124,Outdoor activities/education manager
Jeffrey Leach,dodsoneric@yahoo.com,879.656.3434,Health and safety adviser
Julie Pratt,craigsanders@yahoo.com,(964)561-4082x387,"Scientist, clinical (histocompatibility and immunogenetics)"
David Bennett,cathyknox@hotmail.com,+1-839-588-0161x566,Data processing manager
Debra Barnes,ericaburns@yahoo.com,+1-319-278-6674x342,Software engineer
Jason Mullen,sarahgross@gmail.com,293.940.9292x213,"Accountant, chartered management"
Kim Mcbride,james43@hotmail.com,+1-719-615-2100x90259,Magazine features editor
Sarah Blackburn,qhutchinson@gmail.com,960-218-1780,Consulting civil engineer
Kristen Miller,fhudson@gmail.com,001-993-521-6044,Building surveyor
James Walker,douglas07@gmail.com,+1-596-995-6595x453,Probation officer
Nancy Gordon,jesus69@yahoo.com,001-525-334-7900x4882,Primary school teacher
Andrew Oliver,greg62@gmail.com,+1-801-712-5543x475,"Designer, textile"
Joseph Walker,laurenhodges@hotmail.com,761.351.2881x494,Meteorologist
Christopher Smith,frussell@yahoo.com,654-813-2167x4158,"Engineer, automotive"
Karen Turner,elong@gmail.com,001-482-791-8453x690,Visual merchandiser
Andrew Meza,robert09@hotmail.com,+1-672-843-9056x943,Social researcher
Andrew Wilkins,kristopher74@yahoo.com,8466573707,Accounting technician
Linda Johnson,dfischer@gmail.com,+1-534-606-9380x5648,"Psychotherapist, dance movement"
Julia Simmons,solisvalerie@yahoo.com,447.654.6711,"Teacher, primary school"
Judy Johnson,brittanyrobinson@gmail.com,474-581-6635x97887,"Investment banker, corporate"
Kristen Ward,cassandragreen@hotmail.com,518.492.1667x074,"Psychologist, forensic"
Richard Nash,aguirrerichard@yahoo.com,+1-697-344-6429,"Psychologist, prison and probation services"
Craig Jordan,taylorblack@gmail.com,(517)535-2437x49578,Printmaker
John Hammond,jason17@yahoo.com,772-803-4772,"Psychologist, prison and probation services"
Connie White,alison27@hotmail.com,(898)858-7268x90087,Local government officer
Paula Thompson,pagekim@hotmail.com,001-224-909-7360x513,Chiropodist
Andrea Ochoa,jonesaaron@yahoo.com,(536)939-4949,"Engineer, land"
Heather Davis,hamiltonjoseph@yahoo.com,681-462-5188,Civil Service administrator
Megan Riggs,william58@hotmail.com,5379714756,Soil scientist
Victoria Sherman,george13@hotmail.com,6674322486,Maintenance engineer
Kevin Adams,walkerjuan@yahoo.com,001-355-705-2247x14471,Corporate investment banker
Patricia Romero,lanevictoria@hotmail.com,+1-664-867-5977x84098,Psychiatric nurse
Jean Randall,charles59@hotmail.com,001-573-359-6965,Magazine features editor
Aaron Smith,johnrodriguez@yahoo.com,+1-911-377-3167,Intelligence analyst
Adrian Williams,qmichael@gmail.com,(588)874-7850,Furniture designer
Alicia Mercado,browncory@hotmail.com,630.528.7274,"Designer, industrial/product"
Mr. Brian Montgomery,glovercolton@gmail.com,6795536847,Geoscientist
Anthony Mendez,fmorris@hotmail.com,221-296-0002x014,"Psychologist, sport and exercise"
Taylor Olson,zwalker@yahoo.com,(313)324-5192x4834,"Journalist, broadcasting"
Emily Gonzalez,miranda41@hotmail.com,450-990-5271x6438,"Administrator, Civil Service"
Connie Mckee,gregory98@hotmail.com,001-345-909-8415x45233,Wellsite geologist
Sophia Rhodes,jerrygreen@yahoo.com,690.767.7183,Furniture designer
Tiffany Mccoy,manuelkemp@hotmail.com,5839150235,Tax adviser
Kimberly Cervantes,ijensen@gmail.com,581-676-1921x4344,"Editor, magazine features"
Edward Graham,hunterandrew@gmail.com,701.796.6399x035,"Teacher, early years/pre"
Jerry Lawrence,sberry@gmail.com,212-543-7616,Comptroller
Rachel Scott,crystalmendoza@gmail.com,270.920.8001x085,"Engineer, communications"
Lori Villa,pierceroy@hotmail.com,241-815-9116,Waste management officer
Rachel Hernandez,hannahrogers@gmail.com,001-507-361-6173,Warden/ranger
Jonathan Jacobs,morgandavid@hotmail.com,001-930-486-2344,"Scientist, forensic"
Mark Mclean,shelby41@yahoo.com,9717502085,"Scientist, clinical (histocompatibility and immunogenetics)"
Pamela Harris,zbeasley@gmail.com,3195473821,"Psychotherapist, dance movement"
Kelli Mcdonald,camachomichele@yahoo.com,(832)771-2129x151,Web designer
Thomas Martinez,oleach@yahoo.com,893.558.5634,Equality and diversity officer
Amber Duncan,camachomatthew@gmail.com,609.286.0400x6060,Phytotherapist
Joy Smith,apena@yahoo.com,+1-679-479-0387x208,Restaurant manager
Fernando Franco,ambersmith@yahoo.com,6925956487,Customer service manager
Brittany Brown,ocunningham@hotmail.com,001-398-659-4256x181,"Journalist, newspaper"
Amanda Smith,jthomas@gmail.com,(880)225-0119x994,"Accountant, chartered certified"
Michelle Wallace,dawn97@yahoo.com,580-697-3190x86098,Toxicologist
Ebony Johnson,amber85@hotmail.com,686-354-9118,"Designer, fashion/clothing"
Julie Washington,martinezpatrick@yahoo.com,219.203.8647,Environmental health practitioner
Mark Rivas,jsmith@hotmail.com,+1-913-848-3277,Secretary/administrator
Erika Wilcox,jmills@gmail.com,(577)763-1288,Consulting civil engineer
Brenda Navarro,bakerannette@yahoo.com,(858)496-3472,Investment analyst
Justin Aguilar,jessicaluna@hotmail.com,5184769560,Personal assistant
Kimberly Henderson,tammy38@yahoo.com,9434747268,Higher education careers adviser
Susan Becker,jeremy19@hotmail.com,001-771-398-4913x02387,"Teacher, primary school"
Ashley Neal,obaker@hotmail.com,+1-238-214-5073x3481,International aid/development worker
Melissa Keith,robertyu@gmail.com,001-808-817-2021,"Pilot, airline"
Erin Love,david23@yahoo.com,251-679-4496x2044,Tourist information centre manager
Lisa Alvarez,heather57@yahoo.com,+1-723-481-0142,TEFL teacher
Joshua Winters PhD,mckeejennifer@hotmail.com,417-443-8535x8775,"Education officer, community"
Deborah Clark,jeremy72@gmail.com,605.327.9646x5068,Veterinary surgeon
Kayla Roth,cantumichael@hotmail.com,+1-480-753-7087x963,Heritage manager
Lori Moss,johnnymccarthy@yahoo.com,+1-941-213-5671x021,Barrister's clerk
Sara Merritt,sue79@hotmail.com,341-939-3157x71602,Professor Emeritus
Jennifer Harding,rphillips@hotmail.com,310.574.0369x06801,"Scientist, clinical (histocompatibility and immunogenetics)"
Scott Mendez,aguzman@hotmail.com,764.314.8414,Geophysical data processor
Keith Price,jasoncosta@gmail.com,001-622-533-8478x5832,Clothing/textile technologist
Mandy Coleman,kimberlycook@yahoo.com,747.594.4733,Clinical molecular geneticist
Grace Martinez,kelsey03@yahoo.com,766-986-9969x117,"Psychotherapist, dance movement"
Paul Bennett,richard83@gmail.com,+1-598-456-9549x024,Optometrist
Sandra Griffin,ofritz@hotmail.com,(403)936-2395x22820,Police officer
Thomas Estrada,fgarrison@yahoo.com,(497)603-0655x2895,Field seismologist
William Gonzalez,bankspatricia@yahoo.com,472-316-9464x529,"Accountant, chartered public finance"
Joe Wilson,lgilmore@yahoo.com,4836487783,Comptroller
Thomas Turner,taraaustin@yahoo.com,(539)693-3220,Academic librarian
Timothy Brown,paulking@gmail.com,389-227-9215x5630,Field trials officer
David Mclean,cookdavid@yahoo.com,(571)910-9587,Legal secretary
Candice Hawkins,mdurham@hotmail.com,001-450-891-6949x82839,Local government officer
Cindy Mcknight,browncynthia@hotmail.com,280.376.3159x816,"Designer, interior/spatial"
Joseph May,wryan@gmail.com,(448)814-8752,"Solicitor, Scotland"
Ricky Patterson,joshua11@yahoo.com,001-694-763-7037x0404,"Research officer, government"
Andrew Thompson,rodriguezsherry@yahoo.com,997-476-9303x437,Actor
Samantha Collins,contrerasdavid@hotmail.com,(818)734-7716x3461,Museum/gallery conservator
Monica Smith,schneiderdaniel@yahoo.com,359-728-5504,Politician's assistant
Matthew Lozano,jocelynjenkins@yahoo.com,916-904-9747x812,Photographer
Felicia Cameron,hopkinstimothy@hotmail.com,7636393278,Learning mentor
Matthew Taylor,montgomeryjessica@hotmail.com,+1-885-592-6806x803,Social researcher
Michael Pearson,sheppardbrandon@gmail.com,887.216.4891x856,Careers information officer
John Taylor,nancy11@hotmail.com,(567)797-5305x61403,Architect
Sydney Cross,joseph93@hotmail.com,+1-642-606-8539x7867,Firefighter
Brian Nunez,agarcia@gmail.com,509-777-1157x74965,Merchant navy officer
Sergio Morris,ellismichael@yahoo.com,450.861.9578x56162,"Designer, fashion/clothing"
Sydney Lindsey,marvinperez@gmail.com,3648588438,"Engineer, technical sales"
Christina Estrada,margaretmckinney@gmail.com,780-874-5841x9234,Radiation protection practitioner
Ebony Melendez,igarcia@hotmail.com,3439579741,Technical brewer
Whitney Steele,doyleamanda@hotmail.com,001-247-677-0116,Health visitor
Stacie Hernandez,hannahburke@gmail.com,(764)395-4618x1869,Civil Service administrator
Samuel Larsen,oclark@hotmail.com,271-737-3002,Public relations officer
Julia Woods,cassidy68@yahoo.com,236.389.7706x34392,Scientific laboratory technician
Angela George,gcarlson@gmail.com,(508)676-3707,Clinical biochemist
Kelly Jenkins,gmay@gmail.com,+1-680-257-1433x26389,Building services engineer
Vincent Simpson,jeremy22@yahoo.com,868-352-3175x128,"Engineer, agricultural"
Sarah Snyder,omora@gmail.com,001-200-721-2625,Bookseller
Jasmine Johnson,michael49@hotmail.com,(407)931-3216x2457,"Production assistant, television"
Kristen Daniel,charlotte74@gmail.com,265-284-3920,Chartered public finance accountant
Carrie Olson,heatherberry@yahoo.com,+1-744-203-2583,Teaching laboratory technician
Sarah Griffin,harriscurtis@yahoo.com,+1-257-371-1991x2192,"Accountant, chartered management"
Marcus Medina II,qjordan@hotmail.com,001-484-335-6726x974,Actuary
Benjamin Knight,qmiller@hotmail.com,681-630-6959x3252,Video editor
Ryan Riley,bevans@yahoo.com,001-522-554-3169x3795,Administrator
Alexis Randall,lisa17@gmail.com,(921)528-7097,Maintenance engineer
Michelle King,gsimpson@gmail.com,264-439-0897x75673,Chief of Staff
Dr. Elizabeth Brooks,crystalhoward@hotmail.com,001-712-493-4332x4810,"Nurse, mental health"
Rebecca Jimenez,coryevans@hotmail.com,544.758.3445x0372,"Solicitor, Scotland"
Cole Hill,morachristopher@hotmail.com,(425)430-4901x06508,Physiotherapist
Casey Neal,brianmartinez@hotmail.com,6582939539,"Chemist, analytical"
Yolanda Duncan,mdavis@gmail.com,001-708-886-0650x11560,"Scientist, water quality"
Jill Humphrey,scottpowers@yahoo.com,(382)537-1393x168,Structural engineer
David Willis II,scott93@gmail.com,(457)651-2796x13279,Clothing/textile technologist
Nicole Drake,pgonzalez@gmail.com,823.893.1992x60621,Clothing/textile technologist
Sharon Hernandez,david71@hotmail.com,209.845.4331x4288,Special educational needs teacher
Ashley Jackson,joannajames@yahoo.com,001-723-389-9924,"Designer, jewellery"
Michael Hardin,derekfranklin@gmail.com,001-355-693-7129x6879,Health service manager
Nicole Rodriguez,hboyd@hotmail.com,001-758-752-3493x310,Pension scheme manager
Valerie Woods,cramirez@gmail.com,001-639-814-5346x554,Environmental consultant
Maria Clark,webbtina@yahoo.com,6434622290,Tax inspector
David Shannon MD,kdavis@hotmail.com,850-720-4603,"Research officer, political party"
Joseph Clark,tammie60@yahoo.com,551.557.6809x310,Quarry manager
Rebecca Carroll,fraziertroy@yahoo.com,(438)890-9627,Air traffic controller
Kimberly Mcclure,lindseyfinley@yahoo.com,822.973.2671x4601,"Therapist, occupational"
Andrea Barnett,zturner@hotmail.com,(250)368-7929,Surgeon
Amber Hansen,ewingmarie@gmail.com,513.656.7167,Artist
Steven Harper,kathrynjohnson@hotmail.com,(894)808-2898x256,Homeopath
Gary Brown,brandon02@hotmail.com,604-619-4839,Microbiologist
Corey Williams,kevin67@yahoo.com,(236)928-7951,Physiological scientist
Charles Vazquez,maria45@hotmail.com,700.999.9516x16509,Archivist
Curtis Berger,mckenziedavid@gmail.com,(784)230-4630x2727,Lobbyist
Madison Kramer,ubrown@gmail.com,695.515.5409x5043,Passenger transport manager
Stacy Moore,holly75@hotmail.com,358-218-5691x1047,"Accountant, chartered public finance"
Michelle Long PhD,brianwarren@gmail.com,001-335-829-5308x6945,Chemical engineer
Brian Anderson,jessicathomas@hotmail.com,001-283-243-6404x16972,"Librarian, academic"
Philip Mccoy,jessicahughes@yahoo.com,(763)877-7160x6768,"Sound technician, broadcasting/film/video"
John Burns,kevinnelson@yahoo.com,(597)837-8459,"Development worker, community"
Gina Vazquez,kimberlyarmstrong@yahoo.com,425-523-7617,Theme park manager
Mario Flowers,henrycharles@hotmail.com,+1-484-440-6033x54737,Exhibition designer
Jordan Richards,felicia90@gmail.com,453.595.7859,"Designer, multimedia"
Bonnie Simmons,anthonynicholas@gmail.com,001-693-728-3835x97088,Management consultant
Mallory Green,heather26@yahoo.com,653-342-4513x9124,"Clinical scientist, histocompatibility and immunogenetics"
Katie Mejia,chelseahernandez@yahoo.com,250.222.5396x80648,Financial risk analyst
Jeremy Herrera,cristian11@hotmail.com,001-952-778-5217x775,English as a foreign language teacher
Janet Robertson,loribrown@gmail.com,9489988286,Office manager
Tracy Guerrero,stephaniewilliamson@gmail.com,+1-361-733-1945x373,"Teacher, English as a foreign language"
Kenneth Nguyen,baileymaria@hotmail.com,3843158615,Product/process development scientist
Maria Kim,masonjanet@yahoo.com,(281)479-2169,Health physicist
Andrea Reed,josephavila@gmail.com,9603891259,Personnel officer
Thomas White,bruce11@yahoo.com,372.332.8660x44210,"Therapist, occupational"
Ryan Jones,jennifer78@gmail.com,+1-454-715-1953x1873,Town planner
Michelle Byrd,gardnerjennifer@gmail.com,+1-301-376-4869x246,"Engineer, manufacturing"
Jill Espinoza,wpace@gmail.com,(619)746-0637,Civil Service fast streamer
Richard Taylor,rjohnson@yahoo.com,409.599.6122,Futures trader
Shelley Nelson,danielle60@gmail.com,8649642975,Minerals surveyor
Tracey Ferguson,stephenscody@gmail.com,707.711.4346,"Psychologist, occupational"
Sydney Park,rcarter@hotmail.com,3986342464,Immigration officer
Adam Alexander,fisherlaura@hotmail.com,734.408.5911x3663,Legal executive
Sharon Chan,joanna28@yahoo.com,001-629-475-9960x63172,"Civil engineer, consulting"
Dennis Norris,nathaniel74@gmail.com,971.681.0778x7770,Archaeologist
Cassandra Snyder,kaitlin47@yahoo.com,(729)248-5140x25909,Dealer
Geoffrey Lee,johnnyjimenez@hotmail.com,624-461-4170x0516,Pharmacologist
Judy Davila,tim03@hotmail.com,3643621091,"Engineer, technical sales"
Lucas Baker,amandaschultz@yahoo.com,850.693.3591,Pharmacologist
Frederick Arias,sbrown@hotmail.com,001-794-353-8560x709,Television camera operator
Brian Wright,youngrichard@yahoo.com,606.429.0826x90759,Trade mark attorney
Penny Hall,eobrien@gmail.com,629-832-8832,"Production designer, theatre/television/film"
Nancy Farmer,eddie87@hotmail.com,351-522-8757,IT sales professional
Laurie Bowen,ldiaz@yahoo.com,+1-913-274-6868x4233,Tour manager
Victoria Pittman,kellygarcia@gmail.com,+1-738-416-8577x007,"Teacher, adult education"
Kathy Jimenez,shannonspencer@yahoo.com,(820)860-0197,Financial planner
Melissa Dodson,thomasmcgee@gmail.com,3225380098,Retail merchandiser
Karen Smith,suttonerica@yahoo.com,+1-226-423-8140x9484,"Programmer, applications"
Pamela Gomez,lori59@hotmail.com,908-409-4550,Financial trader
Harry Miller,jefferynguyen@yahoo.com,354-487-0128,Research scientist (life sciences)
Andrew Guerrero,kristen71@yahoo.com,(636)646-1437x894,Further education lecturer
Michelle Steele,khuff@gmail.com,661-462-9458x04143,Medical physicist
Michael Thompson,catherine95@gmail.com,928-586-6041x729,Adult guidance worker
Robert Owens,kathleenhawkins@gmail.com,001-605-525-2535x179,Hospital pharmacist
Catherine Smith MD,kreed@yahoo.com,001-456-327-7339x41663,Hospital pharmacist
Alexander Evans,stephen44@gmail.com,721.412.0364,"Production designer, theatre/television/film"
Dr. George Thompson,martinezcory@yahoo.com,671-219-9378,Sport and exercise psychologist
Angela Lawson,vmiller@yahoo.com,510.346.4830x385,Ship broker
Amy Avila,amanda51@hotmail.com,374.284.3976x548,"Accountant, chartered public finance"
James Boyd,waltonmark@hotmail.com,939-770-8426x51903,Ship broker
Pamela Bernard,april74@hotmail.com,272.463.0519x6487,Media planner
Brandy Robbins,kevin61@hotmail.com,001-508-845-3011x98856,"Education officer, community"
Troy Mack,wjuarez@gmail.com,+1-809-820-0732x771,"Librarian, academic"
Rachel Potter,brandonhuber@yahoo.com,+1-215-632-8744x839,Charity officer
Lydia Hester,gutierrezmichael@yahoo.com,001-921-872-4702x513,Firefighter
Dawn Foster,sean74@gmail.com,001-964-649-1239x815,Haematologist
Edward Sharp,rcruz@yahoo.com,753.212.4080x698,Broadcast presenter
Angel Garza,graymichael@yahoo.com,201-504-5499,Counselling psychologist
John Gonzalez,vmurray@hotmail.com,001-460-953-1987,Animator
Kimberly Adams,lindsay68@gmail.com,361-525-2035,Print production planner
David Reynolds DVM,karenevans@yahoo.com,001-573-341-7022x56192,"Horticulturist, commercial"
Justin Miller,haasjill@gmail.com,+1-766-988-8547x58788,Market researcher
Barbara Baker,agutierrez@yahoo.com,(431)669-4249,Chartered management accountant
Paul Burton,jeffery53@gmail.com,001-794-685-6638,Lobbyist
Sharon Cline,mark96@hotmail.com,001-220-370-3979x6980,"Engineer, production"
Natalie Lee,angelakelley@gmail.com,743-611-6881x5129,Technical sales engineer
Katherine Berry,nataliehopkins@yahoo.com,888.253.1735,Publishing copy
David Harris,abigail36@hotmail.com,001-392-628-7341x1061,"Therapist, drama"
Marie Burch,gwaller@yahoo.com,6342189443,"Engineer, electrical"
Isaac Brown,joelmoses@yahoo.com,+1-812-202-7329x340,Music tutor
Terry Pierce,crystalwaller@hotmail.com,(970)646-3160x7102,"Civil engineer, contracting"
Jennifer Suarez,munozjessica@hotmail.com,+1-469-929-7279x3854,Rural practice surveyor
Julia Boyd,turnerjoseph@gmail.com,001-827-972-2489x4634,"Scientist, marine"
Rebecca Larson,mjames@hotmail.com,491.410.3004,Banker
Sharon Knight,danielellison@gmail.com,+1-313-203-6895x7524,"Scientist, research (maths)"
Jamie Garrett,luismartinez@gmail.com,(318)235-2877x6067,"Administrator, sports"
Heidi Smith,james72@yahoo.com,655-507-6618x451,Retail buyer
Emily Smith,rogersstephen@hotmail.com,+1-618-622-6470x689,"Engineer, agricultural"
Jeremy Terrell,oneillheather@gmail.com,949-371-0730x2550,Theatre stage manager
Helen Tucker,ganderson@hotmail.com,+1-373-832-2374x78291,Teaching laboratory technician
Mitchell Morales,mooretina@hotmail.com,(524)788-1674,Clinical psychologist
Morgan Johnson,lisa25@hotmail.com,(600)379-9873,Copy
Nicole Johnson,chloe57@hotmail.com,001-812-372-9682x38707,Firefighter
Kimberly Bradley,dakotasimon@hotmail.com,210-331-1212,"Producer, radio"
Erin Dunlap,vlam@yahoo.com,593.686.3525x5687,Veterinary surgeon
Melissa Morton DDS,jamie98@yahoo.com,001-652-567-3894x0094,Primary school teacher
Jason Wells,zmoreno@hotmail.com,6673580562,"Engineer, civil (contracting)"
Jessica Gonzalez,steve11@hotmail.com,001-523-884-7923,"Teacher, secondary school"
Dawn Robinson,tammynixon@hotmail.com,001-527-432-2647,Academic librarian
Kevin Bruce DVM,ochoasonya@hotmail.com,(504)968-9290,Industrial buyer
Brandon Garcia,njohnson@yahoo.com,991.905.5341x20781,Tour manager
Robert Simon,westdesiree@yahoo.com,318.532.1617,Fisheries officer
Jeffrey Mathis,criley@yahoo.com,(366)313-9817x48105,Sports coach
Dr. Benjamin Valdez,alan76@hotmail.com,(351)970-7616x0532,Accommodation manager
Michael Ramos,sanderselizabeth@yahoo.com,550-829-9077x8227,Tour manager
Melissa Escobar,brandon95@gmail.com,+1-982-556-2454x94771,Food technologist
Tony Davis,danielgriffin@yahoo.com,001-866-892-7842,"Therapist, drama"
Terry Chan,jameschoi@gmail.com,916.369.2533x4480,Trade mark attorney
Brent Garza,courtney74@gmail.com,001-878-538-8912x01067,"Doctor, general practice"
Brandon Sims,alewis@yahoo.com,+1-509-523-3469x16741,Geophysical data processor
Jacqueline Matthews,thicks@hotmail.com,+1-633-906-4125,Herbalist
Frank Rivera,johnsonsusan@gmail.com,9622146339,Video editor
Linda Villegas,elizabeth71@gmail.com,376.740.1171x4530,Dance movement psychotherapist
Frank Meyer,ichavez@hotmail.com,001-949-623-6710x7130,Hospital doctor
Sarah Williams,stephaniebryant@yahoo.com,(580)817-7544x139,Contractor
Amanda Gomez,taylordavid@yahoo.com,+1-829-380-4796x473,Podiatrist
Crystal Garcia,johnsonjonathon@hotmail.com,+1-353-696-2800x44613,Minerals surveyor
Larry Alvarado,amylee@hotmail.com,234-596-7250,Dramatherapist
Justin Morrison,brockjoanna@yahoo.com,(550)313-6749x180,"Psychologist, sport and exercise"
Thomas Lopez,sarahhansen@hotmail.com,826-497-9993x8580,Product designer
Christine Williams,johneaton@gmail.com,8816703718,Office manager
Leonard Chambers,brandonmunoz@hotmail.com,+1-399-513-8334,Pharmacologist
Megan Bryant,greerstacy@yahoo.com,(502)669-2442x1353,"Radiographer, diagnostic"
Thomas Schultz,wendyryan@gmail.com,+1-601-246-7438x362,Control and instrumentation engineer
Carol Bennett,justinjohnson@yahoo.com,932-787-4973,"Conservation officer, nature"
Amber Edwards,johnsonbryan@gmail.com,909.823.9556,Catering manager
Rita Higgins,pettygregory@hotmail.com,001-925-678-5184x94693,Radiation protection practitioner
Stephanie Hughes,cynthia64@yahoo.com,799.549.5232x6612,Counsellor
Patricia Baker,jennifer88@gmail.com,241-624-5595x26815,"Scientist, product/process development"
Jaclyn Martin,stacey81@yahoo.com,001-297-762-1423,Manufacturing engineer
Maria Green,youngpaula@yahoo.com,(577)363-5839x16532,Actor
Robert Edwards,marissa27@hotmail.com,+1-816-892-0181x6431,Broadcast presenter
Robert Stevens,dianalewis@hotmail.com,598-809-5958,"Administrator, sports"
Denise Macias,gregory38@gmail.com,468-306-2525x3093,Investment analyst
Amber Crawford,mary73@hotmail.com,910.462.6225x05231,Forest/woodland manager
Mary Edwards,alexander42@yahoo.com,(797)449-7799x3978,Herpetologist
Anthony Yang,angelica19@gmail.com,9174248707,Theatre stage manager
Sara Harrison,noahjames@gmail.com,3392083659,Camera operator
